{"initial_reset_timestamp": 1561066194.9667647, "timestamps": [1561066199.781778, 1561066203.9505758, 1561066205.7044234, 1561066207.439915, 1561066209.137326, 1561066210.8573127, 1561066212.590299, 1561066214.3326945, 1561066219.439555, 1561066221.235489, 1561066222.9401078, 1561066225.4205568, 1561066227.1373453, 1561066228.9424047, 1561066230.7524264, 1561066232.5484698, 1561066234.3995354, 1561066236.2150986, 1561066238.0088065, 1561066239.8218384, 1561066241.605824, 1561066243.2013035, 1561066244.9555454, 1561066246.6820986, 1561066248.5627332, 1561066250.4763038, 1561066252.3122704, 1561066257.2866297, 1561066259.2211783, 1561066261.120098, 1561066262.9459567, 1561066264.6999867, 1561066266.5124154, 1561066268.316967, 1561066269.2164416, 1561066271.0278711, 1561066272.8753166, 1561066274.7555609, 1561066276.6271594, 1561066278.5037901, 1561066280.3553379, 1561066282.0871654, 1561066283.9698212, 1561066285.7730556, 1561066287.659591, 1561066289.5501242, 1561066291.3638196, 1561066293.137372, 1561066294.9943519, 1561066296.8094995], "episode_rewards": [-5.630441894477462, -9.811218569695527, -220.82476844362517, -13.85258809934366, -4.844836346998676, 184.9691786823987, -7.199974616230236, 9.846065202037012, -11.359795691878638, 6.551566983447966, -9.929914988641418, 190.98754122335342, -12.480716021336603, -13.021589201001625, 0.22695846130966024, -8.33362550296459, -0.7425848253846362, 186.76013976807087, -217.7127681112298, -21.38158499975202, -207.21635827461523, 194.93243052906655, 190.00450185018116, 192.23316637483188, 0.6940727841472426, -12.997018332664624, -2.4023724186525732, -8.84439947959021, 182.51403266118854, -15.65337506192727, -8.333690883277251, 6.880620297096838, -8.713012782416703, 5.811600991920157, 109.17470606695322, -7.515627793854554, 185.47715967755585, -18.084275954314, -5.331320716008488, 14.33577090377547, -208.3057100654681, 184.2945764373544, 14.961309757482088, -6.287104678979536, 5.503282237814606, -1.3497678067120535, 18.32308968119522, 192.57339831849677, -12.792974435739698, 181.36521490428916], "episode_lengths": [200, 200, 200, 200, 200, 200, 200, 200, 200, 200, 200, 200, 200, 200, 200, 200, 200, 200, 200, 200, 200, 200, 200, 200, 200, 200, 200, 200, 200, 200, 200, 200, 200, 200, 95, 200, 200, 200, 200, 200, 200, 200, 200, 200, 200, 200, 200, 200, 200, 200], "episode_types": ["t", "t", "t", "t", "t", "t", "t", "t", "t", "t", "t", "t", "t", "t", "t", "t", "t", "t", "t", "t", "t", "t", "t", "t", "t", "t", "t", "t", "t", "t", "t", "t", "t", "t", "t", "t", "t", "t", "t", "t", "t", "t", "t", "t", "t", "t", "t", "t", "t", "t"]}